Reaction ID,EC#,Uncertainty,dG0,Reagents,Products
R00258,2.6.1.2,0.5,-0.2,"['C00022 ', ' C00025 ']","[' C00041 ', ' C00026']"
R00400,2.6.1.12,0.7,2.6,"['C00022 ', ' C00049 ']","[' C00041 ', ' C00036']"
R00369,2.6.1.44,1.6,8.4,"['C00022 ', ' C00037 ']","[' C00041 ', ' C00048']"
R00396,1.4.1.1,0.5,-18.4,"['C00022 ', ' C00014 ', ' C00004 ', ' C00080 ']","[' C00041 ', ' C00003 ', ' C00001']"
R09107,3.5.1.16,4.0,-44.0,"['C15532 ', ' C00001 ']","[' C00033 ', ' C00327']"
R00259,2.3.1.1,3.4,-23.7,"['C00024 ', ' C00025 ']","[' C00010 ', ' C00624']"
R07245,2.1.3.9,4.0,-10.0,"['C00169 ', ' C00437 ']","[' C00009 ', ' C15532']"
R02283,2.6.1.11,3.4,3.0,"['C01250 ', ' C00025 ']","[' C00437 ', ' C00026']"
R03443,1.2.1.38,1.6,-24.1,"['C04133 ', ' C00005 ', ' C00080 ']","[' C01250 ', ' C00009 ', ' C00006']"
R02649,2.7.2.8,3.1,24.3,"['C00002 ', ' C00624 ']","[' C00008 ', ' C04133']"
R00149,6.3.4.16,4.0,-2.0,"['2 C00002 ', ' C00014 ', ' C00011 ', ' C00001 ']","[' 2 C00008 ', ' C00009 ', ' C00169']"
R00551,3.5.3.1,6.0,-51.0,"['C00062 ', ' C00001 ']","[' C00077 ', ' C00086']"
R01954,6.3.4.5,1.5,0.0,"['C00002 ', ' C00327 ', ' C00049 ']","[' C00020 ', ' C00013 ', ' C03406']"
R01398,2.1.3.3,2.9,-29.9,"['C00169 ', ' C00077 ']","[' C00009 ', ' C00327']"
R01086,4.3.2.1,2.9,-6.0,['C03406 '],"[' C00122 ', ' C00062']"
R00669,"3.5.1.14,3.5.1.16",3.5,-24.4,"['C00437 ', ' C00001 ']","[' C00033 ', ' C00077']"
R00578,6.3.5.4,4.0,-53.0,"['C00002 ', ' C00049 ', ' C00064 ', ' C00001 ']","[' C00020 ', ' C00013 ', ' C00152 ', ' C00025']"
R00483,"6.3.1.1,6.3.5.4",4.0,-21.0,"['C00002 ', ' C00049 ', ' C00014 ']","[' C00020 ', ' C00013 ', ' C00152']"
R00482,6.3.1.4,3.5,-10.6,"['C00002 ', ' C00049 ', ' C00014 ']","[' C00008 ', ' C00009 ', ' C00152']"
R00355,2.6.1.1,0.5,-2.8,"['C00036 ', ' C00025 ']","[' C00049 ', ' C00026']"
R01135,6.3.4.4,2.1,3.5,"['C00044 ', ' C00130 ', ' C00049 ']","[' C00035 ', ' C00009 ', ' C03794']"
R00127,2.7.4.3,0.16,-0.12,"['C00002 ', ' C00020 ']",[' 2 C00008']
R01083,4.3.2.2,1.4,-1.4,['C03794 '],"[' C00122 ', ' C00020']"
R00200,2.7.1.40,0.4,-26.8,"['C00008 ', ' C00074 ']","[' C00002 ', ' C00022']"
R00333,2.7.4.10,,,"['C00201 ', ' C00020 ']","[' C00454 ', ' C00008']"
R03182,6.3.3.3,7.0,10.0,"['C00002 ', ' C01037 ', ' C00011 ']","[' C00008 ', ' C00009 ', ' C01909']"
R03231,2.6.1.62,5e-12,-0.709176020668,"['C00019 ', ' C01092 ']","[' C04425 ', ' C01037']"
R10699,2.6.1.105,1.8,5.9,"['C00047 ', ' C01092 ']","[' C04076 ', ' C01037']"
R01626,"2.3.1.39,2.3.1.85,2.3.1.86,2.3.1.-",,,"['C00083 ', ' C00229 ']","[' C00010 ', ' C01209']"
R09543,2.1.1.197,,,"['C00019 ', ' C01209 ']","[' C00021 ', ' C19673']"
R10115,"2.3.1.41,2.3.1.179",,,"['C19673 ', ' C01209 ']","[' C20372 ', ' C00011 ', ' C00229']"
R10116,1.1.1.100,,,"['C20372 ', ' C00005 ', ' C00080 ']","[' C20373 ', ' C00006']"
R10117,4.2.1.59,,,['C20373 '],"[' C20374 ', ' C00001']"
R10118,1.3.1.10,,,"['C20374 ', ' C00005 ', ' C00080 ']","[' C20375 ', ' C00006']"
R10119,"2.3.1.41,2.3.1.179",,,"['C20375 ', ' C01209 ']","[' C20376 ', ' C00011 ', ' C00229']"
R10120,1.1.1.100,,,"['C20376 ', ' C00005 ', ' C00080 ']","[' C20377 ', ' C00006']"
R10121,4.2.1.59,,,['C20377 '],"[' C20378 ', ' C00001']"
R10122,1.3.1.10,,,"['C20378 ', ' C00005 ', ' C00080 ']","[' C19846 ', ' C00006']"
R09725,3.1.1.85,,,"['C19846 ', ' C00001 ']","[' C19845 ', ' C00132']"
R10124,2.3.1.47,,,"['C19845 ', ' C00041 ']","[' C01092 ', ' C00229 ', ' C00011']"
R01078,2.8.1.6,,,"['C01909 ', ' C17023 ', ' 2 C00019 ', ' 2 C05359 ', ' 2 C00080 ']","[' C00120 ', ' 2 C00073 ', ' 2 C05198']"
R10866,1.2.7.-,,,"['C00024 ', ' C00011 ', ' C02745 ']","[' C00022 ', ' C00010 ', ' C02869']"
R10092,4.2.1.1,3.1,-5.9,"['C00011 ', ' C00001 ']","[' C00288 ', ' C00080']"
R00742,6.4.1.2,1.5,-7.5,"['C00002 ', ' C00024 ', ' C00288 ']","[' C00008 ', ' C00009 ', ' C00083']"
R00199,2.7.9.2,0.5,-18.5,"['C00002 ', ' C00022 ', ' C00001 ']","[' C00020 ', ' C00074 ', ' C00009']"
R00345,4.1.1.31,3.1,-38.3,"['C00001 ', ' C00074 ', ' C00011 ']","[' C00009 ', ' C00036']"
R00206,2.7.9.1,0.5,15.9,"['C00002 ', ' C00022 ', ' C00009 ']","[' C00020 ', ' C00074 ', ' C00013']"
R00402,1.3.1.6,2.1,-60.4,"['C00122 ', ' C00004 ', ' C00080 ']","[' C00042 ', ' C00003']"
R00344,6.4.1.1,0.7,-5.6,"['C00002 ', ' C00022 ', ' C00288 ']","[' C00008 ', ' C00009 ', ' C00036']"
R00352,2.3.3.8,0.4,-8.8,"['C00002 ', ' C00158 ', ' C00010 ']","[' C00008 ', ' C00009 ', ' C00024 ', ' C00036']"
R01322,6.2.1.18,2.0,-6.8,"['C00002 ', ' C00158 ', ' C00010 ']","[' C00008 ', ' C00009 ', ' C00566']"
R01325,4.2.1.3,1.1,-8.4,"['C00417 ', ' C00001 ']",[' C00158']
R00405,6.2.1.5,1.3,-1.6,"['C00002 ', ' C00042 ', ' C00010 ']","[' C00008 ', ' C00009 ', ' C00091']"
R00354,4.1.3.34,2.0,-2.0,['C00566 '],"[' C00024 ', ' C00036']"
R01900,4.2.1.3,1.1,1.6,['C00311 '],"[' C00417 ', ' C00001']"
R01082,4.2.1.2,0.28,3.43,['C00149 '],"[' C00122 ', ' C00001']"
R00342,"1.1.1.37,1.1.1.299",0.3,-28.75,"['C00036 ', ' C00004 ', ' C00080 ']","[' C00149 ', ' C00003']"
R00267,1.1.1.42,3.2,12.0,"['C00026 ', ' C00011 ', ' C00005 ', ' C00080 ']","[' C00311 ', ' C00006']"
R01197,"1.2.7.3,1.2.7.11",7.0,13.0,"['2 C00138 ', ' C00091 ', ' C00011 ', ' 2 C00080 ']","[' 2 C00139 ', ' C00026 ', ' C00010']"
R01196,"1.2.7.1,1.2.7.11",7.0,19.0,"['2 C00138 ', ' C00024 ', ' C00011 ', ' 2 C00080 ']","[' 2 C00139 ', ' C00022 ', ' C00010']"
R07168,1.5.1.20,4.0,-43.0,"['C00143 ', ' C00004 ', ' C00080 ']","[' C00440 ', ' C00003']"
R00943,6.3.4.3,1.9,-2.6,"['C00101 ', ' C00058 ', ' C00002 ']","[' C00008 ', ' C00009 ', ' C00234']"
R01655,3.5.4.9,0.9,5.0,"['C00234 ', ' C00080 ']","[' C00445 ', ' C00001']"
R01220,1.5.1.5,1.1,-8.2,"['C00445 ', ' C00005 ']","[' C00143 ', ' C00006']"
R00134,1.17.1.10,3.3,14.5,"['C00011 ', ' C00005 ', ' C00080 ']","[' C00058 ', ' C00006']"
R10243,"2.1.1.258,2.3.1.169",5.0,-30.0,"['C00440 ', ' C00010 ', ' C00237 ']","[' C00101 ', ' C00024']"
R07157,1.2.7.4,7.0,31.0,"['C00011 ', ' 2 C00138 ', ' 2 C00080 ']","[' C00237 ', ' C00001 ', ' 2 C00139']"
R04230,6.3.2.51,5.0,-51.0,"['C00002 ', ' C03492 ', ' C00097 ']","[' C00020 ', ' C00013 ', ' C04352']"
R04231,6.3.2.5,5.0,-53.0,"['C00063 ', ' C03492 ', ' C00097 ']","[' C00055 ', ' C00013 ', ' C04352']"
R02473,6.3.2.1,1.3,-45.8,"['C00002 ', ' C00522 ', ' C00099 ']","[' C00020 ', ' C00013 ', ' C00864']"
R03269,4.1.1.36,3.1,-38.6,['C04352 '],"[' C01134 ', ' C00011']"
R03018,2.7.1.33,4.0,-10.0,"['C00002 ', ' C00864 ']","[' C00008 ', ' C03492']"
R00130,2.7.1.24,2.9,4.4,"['C00002 ', ' C00882 ']","[' C00008 ', ' C00010']"
R00489,"4.1.1.11,4.1.1.15",6.0,-36.0,['C00049 '],"[' C00099 ', ' C00011']"
R01214_2,-,3.5,1.8,"['C00183 ', ' C00026 ']","[' C00141 ', ' C00025']"
R01226,2.1.2.11,5.0,6.0,"['C00143 ', ' C00141 ', ' C00001 ']","[' C00101 ', ' C00966']"
R03035,2.7.7.3,5.0,-20.0,"['C00002 ', ' C01134 ']","[' C00013 ', ' C00882']"
R02472,1.1.1.169,2.9,-18.0,"['C00966 ', ' C00005 ', ' C00080 ']","[' C00522 ', ' C00006']"
R04439,"1.1.1.86,1.1.1.383",1.0,-17.7,"['C06010 ', ' C00005 ', ' C00080 ']","[' C04272 ', ' C00006']"
R08331,2.3.3.-,2.0,-31.7,"['C00322 ', ' C00024 ', ' C00001 ']","[' C16583 ', ' C00010']"
R08332,2.3.3.-,1.3,-26.1,"['C16588 ', ' C00024 ', ' C00001 ']","[' C16598 ', ' C00010']"
R08217,2.7.1.-,1.3,-9.3,"['C16594 ', ' C00002 ']","[' C04628 ', ' C00008']"
R08323,-,3.0,-21.3,"['C16593 ', ' C00188 ', ' C00002 ']","[' C16594 ', ' C00008 ', ' C00009']"
R08214,1.1.1.-,3.1,-15.2,"['C16597 ', ' C00003 ']","[' C16588 ', ' C00011 ', ' C00004 ', ' C00080']"
R08215,1.1.1.-,3.1,-15.2,"['C16600 ', ' C00003 ']","[' C16589 ', ' C00011 ', ' C00004 ', ' C00080']"
R08328,-,3.1,-26.0,['C16589 '],"[' C16590 ', ' C00011']"
R10392,4.2.1.114,1.9,0.4,['C16583 '],"[' C20581 ', ' C00001']"
R10395,4.2.1.114,1.9,0.4,['C16598 '],"[' C20582 ', ' C00001']"
R10393,4.2.1.114,1.9,3.7,"['C20581 ', ' C00001 ']",[' C16597']
R10396,4.2.1.114,1.9,3.7,"['C20582 ', ' C00001 ']",[' C16600']
R10397,-,,,['C16590 '],[' C16593']
R04148,2.4.2.21,4.0,-21.0,"['C01185 ', ' C03114 ']","[' C00253 ', ' C04778 ', ' C00080']"
R04594,3.1.3.73,1.2,-32.8,"['C04778 ', ' C00001 ']","[' C05775 ', ' C00009']"
R05705,"1.5.1.36,1.5.1.39,1.5.1.41,1.5.1.42",3.0,-25.3,"['C00061 ', ' C00004 ', ' C00080 ']","[' C01847 ', ' C00003']"
R05706,"1.5.1.38,1.5.1.39,1.5.1.-",3.0,-25.2,"['C00061 ', ' C00005 ', ' C00080 ']","[' C01847 ', ' C00006']"
R05807,4.99.1.3,,,"['C05778 ', ' C00175 ']","[' C11538 ', ' 2 C00080']"
R11580,2.1.1.272,,,"['C00019 ', ' C17401 ', ' C00030 ']","[' C00021 ', ' C11540 ', ' C00028']"
R08716,-,,,['C17401 '],[' C11539']
R05218,1.16.8.1,,,"['2 C06504 ', ' C01847 ']","[' 2 C06505 ', ' C00061 ', ' 2 C00080']"
R05220,2.5.1.17,,,"['C06505 ', ' C00002 ']","[' C06506 ', ' C00536']"
R05808,2.1.1.151,100000.0,0.0,"['C11538 ', ' C00019 ']","[' C17401 ', ' C00021']"
R05809,2.1.1.131,100000.0,0.0,"['C11539 ', ' C00019 ']","[' C11540 ', ' C00021']"
R05810,2.1.1.271,100000.0,0.0,"['C11540 ', ' C00019 ']","[' C16242 ', ' C00021']"
R07772,3.7.1.12,100000.0,0.0,"['C16242 ', ' C00001 ']","[' C16243 ', ' C00084']"
R07773,2.1.1.195,100000.0,0.0,"['C16243 ', ' C00019 ']","[' C11542 ', ' C00021']"
R05812,1.3.1.106,100000.0,0.0,"['C11542 ', ' C00004 ', ' C00080 ']","[' C11543 ', ' C00003']"
R07774,2.1.1.196,100000.0,0.0,"['C11543 ', ' C00019 ']","[' C16244 ', ' C00021 ', ' C00011']"
R07775,2.1.1.289,100000.0,0.0,"['C16244 ', ' C00019 ']","[' C11545 ', ' C00021']"
R05814,5.4.99.60,100000.0,0.0,['C11545 '],[' C05773']
R05815,6.3.5.11,100000.0,0.0,"['C05773 ', ' 2 C00064 ', ' 2 C00002 ', ' 2 C00001 ']","[' C06504 ', ' 2 C00025 ', ' 2 C00008 ', ' 2 C00009']"
R05225,6.3.5.10,100000.0,0.0,"['C06506 ', ' 4 C00064 ', ' 4 C00002 ', ' 4 C00001 ']","[' C06507 ', ' 4 C00025 ', ' 4 C00009 ', ' 4 C00008']"
R07302,6.3.1.10,100000.0,0.0,"['C00002 ', ' C06507 ', ' C03194 ']","[' C00008 ', ' C00009 ', ' C06508']"
R06558,2.7.1.156,100000.0,0.0,"['C06508 ', ' C00044 ']","[' C06509 ', ' C00035']"
R05221,2.7.1.156,100000.0,0.0,"['C06508 ', ' C00002 ']","[' C06509 ', ' C00008']"
R05222,2.7.7.62,100000.0,0.0,"['C06509 ', ' C00044 ']","[' C06510 ', ' C00013']"
R05223,2.7.8.26,100000.0,0.0,"['C06510 ', ' C05775 ']","[' C00194 ', ' C00144']"
R05789,3.1.3.71,1.3,-32.8,"['C11536 ', ' C00001 ']","[' C11537 ', ' C00009']"
R07136,"1.1.1.37,1.1.1.337",1.0,17.9,"['C11537 ', ' C00003 ']","[' C05528 ', ' C00004 ', ' C00080']"
R05774,4.1.1.79,3.1,-26.0,['C05528 '],"[' C00593 ', ' C00011']"
R09153,-,,,['C00593 '],[' C03576']
R07476,4.4.1.19,70000.0,0.0,"['C00094 ', ' C00074 ']",[' C11536']
R00573,6.3.4.2,2.6,-36.3,"['C00002 ', ' C00075 ', ' C00064 ', ' C00001 ']","[' C00008 ', ' C00009 ', ' C00063 ', ' C00025']"
R00571,6.3.4.2,2.5,-4.6,"['C00002 ', ' C00075 ', ' C00014 ']","[' C00008 ', ' C00009 ', ' C00063']"
R10305,2.5.1.134,4.0,-57.0,"['C00979 ', ' C00155 ']","[' C02291 ', ' C00033']"
R00897,"2.5.1.47,2.5.1.65",5.0,-51.0,"['C00979 ', ' C00283 ']","[' C00097 ', ' C00033']"
R00194,3.2.2.9,2.8,-33.8,"['C00021 ', ' C00001 ']","[' C03539 ', ' C00147']"
R01001,4.4.1.1,6.0,-32.0,"['C02291 ', ' C00001 ']","[' C00097 ', ' C00014 ', ' C00109']"
R12342,2.7.1.226,0.4,-17.4,"['C00008 ', ' C00065 ']","[' C00020 ', ' C01005']"
R01291,4.4.1.21,2.7,-33.0,['C03539 '],"[' C11838 ', ' C00155']"
R07274,"2.5.1.47,2.5.1.65",4.0,-35.0,"['C01005 ', ' C00283 ']","[' C00097 ', ' C00009']"
R00586,2.3.1.30,2.9,-6.4,"['C00065 ', ' C00024 ']","[' C00979 ', ' C00010']"
R01290,4.2.1.22,2.7,-13.3,"['C00065 ', ' C00155 ']","[' C02291 ', ' C00001']"
R00177,2.5.1.6,100000.0,0.0,"['C00002 ', ' C00073 ', ' C00001 ']","[' C00009 ', ' C00013 ', ' C00019']"
R11634,1.1.98.6,5.0,-65.0,"['C00002 ', ' C00058 ']","[' C00131 ', ' C00011 ', ' C00001']"
R11633,1.1.98.6,4.0,-59.0,"['C00044 ', ' C00058 ']","[' C00286 ', ' C00011 ', ' C00001']"
R11636,1.1.98.6,4.0,-60.0,"['C00063 ', ' C00058 ']","[' C00458 ', ' C00011 ', ' C00001']"
R02100,"3.6.1.23,3.6.1.-",2.6,-55.8,"['C00460 ', ' C00001 ']","[' C00365 ', ' C00013']"
R02325,3.5.4.13,2.0,-47.4,"['C00458 ', ' C00001 ']","[' C00460 ', ' C00014']"
R02101,2.1.1.45,2.9,-45.2,"['C00365 ', ' C00143 ']","[' C00415 ', ' C00364']"
R02094,"2.7.4.9,2.7.4.12",2.9,-1.5,"['C00002 ', ' C00364 ']","[' C00008 ', ' C00363']"
R02093,2.7.4.6,2.6,0.0,"['C00002 ', ' C00363 ']","[' C00008 ', ' C00459']"
R09399,6.3.2.31,2.8,-24.7,"['C19153 ', ' C00044 ', ' C00025 ']","[' C19152 ', ' C00035 ', ' C00009']"
R09400,6.3.2.34,4.0,-31.0,"['C19152 ', ' C00044 ', ' C00025 ']","[' C00876 ', ' C00035 ', ' C00009']"
R09397,2.7.7.68,2.1,-7.1,"['C19156 ', ' C00044 ']","[' C19155 ', ' C00013']"
R12161,2.5.1.147,,,"['C04732 ', ' C00082 ', ' C00019 ']","[' C21971 ', ' C15809 ', ' C00073 ', ' C05198']"
R12162,4.3.1.32,,,"['C21971 ', ' C00019 ']","[' C19154 ', ' C00014 ', ' C00073 ', ' C05198']"
R09398,2.7.8.28,70000.0,0.0,"['C19154 ', ' C19155 ']","[' C19153 ', ' C00144']"
R00084,2.5.1.61,9.0,-152.0,"['4 C00931 ', ' C00001 ']","[' C01024 ', ' 4 C00014']"
R00036,4.2.1.24,4.0,-85.0,['2 C00430 '],"[' C00931 ', ' 2 C00001']"
R02272,5.4.3.8,0.7,-9.1,['C03741 '],[' C00430']
R11626,4.99.1.11,,,"['C05778 ', ' C19609 ']","[' C21510 ', ' 2 C00080']"
R11627,6.3.5.12,,,"['C21510 ', ' 2 C00002 ', ' 2 C00064 ', ' 2 C00001 ']","[' C21511 ', ' 2 C00008 ', ' 2 C00025 ', ' 2 C00009']"
R11628,6.3.3.7,,,"['C00002 ', ' C21511 ', ' 3 C00030 ', ' C00001 ']","[' C00008 ', ' C00009 ', ' C21512 ', ' 3 C00028']"
R11629,6.4.1.9,,,"['C21512 ', ' C00002 ']","[' C05777 ', ' C00008 ', ' C00009']"
R05578,"6.1.1.17,6.1.1.24",,,"['C01641 ', ' C00025 ', ' C00002 ']","[' C02987 ', ' C00013 ', ' C00020']"
R04109,1.2.1.70,,,"['C02987 ', ' C00005 ', ' C00080 ']","[' C03741 ', ' C01641 ', ' C00006']"
R03165,4.2.1.75,400000.0,0.0,['C01024 '],"[' C01051 ', ' C00001']"
R03194,2.1.1.107,290000.0,0.0,"['2 C00019 ', ' C01051 ']","[' 2 C00021 ', ' C02463']"
R03947,1.3.1.76,100000.0,0.0,"['C02463 ', ' C00003 ']","[' C05778 ', ' C00004 ', ' C00080']"
R07281,4.1.99.12,2.1,-103.5,['C00199 '],"[' C15556 ', ' C00058']"
R04457,2.5.1.78,8.0,-97.0,"['C04732 ', ' C15556 ']","[' C04332 ', ' 2 C00001 ', ' C00009']"
R00549,2.7.1.26,2.9,-11.1,"['C00002 ', ' C00255 ']","[' C00008 ', ' C00061']"
R00066,2.5.1.9,8.0,-99.0,['2 C04332 '],"[' C00255 ', ' C04732']"
R07280,3.1.3.104,1.2,-32.5,"['C04454 ', ' C00001 ']","[' C04732 ', ' C00009']"
R00161,2.7.7.2,4.0,-12.0,"['C00002 ', ' C00061 ']","[' C00013 ', ' C00016']"
R03458,1.1.1.193,1.7,-27.5,"['C01268 ', ' C00005 ', ' C00080 ']","[' C04454 ', ' C00006']"
R03459,3.5.4.26,70000.0,0.0,"['C01304 ', ' C00001 ']","[' C01268 ', ' C00014']"
R00947,3.1.3.10,1.4,-32.5,"['C00103 ', ' C00001 ']","[' C00267 ', ' C00009']"
R01788,3.1.3.9,1.9,-33.3,"['C00668 ', ' C00001 ']","[' C00267 ', ' C00009']"
R01070,4.1.2.13,2.3,-4.7,"['C00111 ', ' C00118 ']",[' C05378']
R04780,3.1.3.11,1.2,-26.1,"['C05378 ', ' C00001 ']","[' C05345 ', ' C00009']"
R00341,4.1.1.49,3.1,-7.1,"['C00002 ', ' C00036 ']","[' C00008 ', ' C00074 ', ' C00011']"
R01518,"5.4.2.11,5.4.2.12",0.4,-4.5,['C00631 '],[' C00197']
R01015,5.3.1.1,0.5,-5.6,['C00118 '],[' C00111']
R00431,4.1.1.32,3.4,-4.3,"['C00044 ', ' C00036 ']","[' C00035 ', ' C00074 ', ' C00011']"
R00658,4.2.1.11,0.3,3.8,"['C00074 ', ' C00001 ']",[' C00631']
R00959,"5.4.2.2,5.4.2.5",2.1,-0.8,['C00668 '],[' C00103']
R01512,2.7.2.3,0.4,19.3,"['C00002 ', ' C00197 ']","[' C00008 ', ' C00236']"
R01061,"1.2.1.12,1.2.1.59",0.4,-21.1,"['C00236 ', ' C00004 ', ' C00080 ']","[' C00118 ', ' C00009 ', ' C00003']"
R01063,"1.2.1.13,1.2.1.59",0.5,-20.9,"['C00236 ', ' C00005 ', ' C00080 ']","[' C00118 ', ' C00009 ', ' C00006']"
R01602,5.1.3.3,0.0,0.0,['C00267 '],[' C00221']
R00243,"1.4.1.2,1.4.1.3,1.4.1.14",0.28,-18.19,"['C00026 ', ' C00014 ', ' C00004 ', ' C00080 ']","[' C00025 ', ' C00003 ', ' C00001']"
R00248,"1.4.1.3,1.4.1.4,1.4.1.13",0.4,-18.0,"['C00026 ', ' C00014 ', ' C00005 ', ' C00080 ']","[' C00025 ', ' C00006 ', ' C00001']"
R00253,6.3.1.2,0.8,-13.7,"['C00002 ', ' C00025 ', ' C00014 ']","[' C00008 ', ' C00009 ', ' C00064']"
R01465,1.1.1.103,2.7,25.7,"['C00188 ', ' C00003 ']","[' C03508 ', ' C00004 ', ' C00080']"
R00751,"4.1.2.5,4.1.2.48",2.2,-7.4,['C00188 '],"[' C00037 ', ' C00084']"
R00372,"2.6.1.4,2.6.1.44",1.6,-8.6,"['C00048 ', ' C00025 ']","[' C00037 ', ' C00026']"
R03758,1.1.1.381,3.1,-36.3,['C03508 '],"[' C01888 ', ' C00011']"
R00945,2.1.2.1,1.2,-6.8,"['C00101 ', ' C00065 ']","[' C00143 ', ' C00037 ', ' C00001']"
R00371,2.3.1.29,2.1,34.2,"['C00024 ', ' C00037 ']","[' C00010 ', ' C03508']"
R03759,1.1.1.75,1.0,-17.4,"['C01888 ', ' C00004 ', ' C00080 ']","[' C03194 ', ' C00003']"
R01130,1.1.1.205,4.0,19.0,"['C00130 ', ' C00003 ', ' C00001 ']","[' C00655 ', ' C00004 ', ' C00080']"
R00330,2.7.4.6,1.3,-2.8,"['C00002 ', ' C00035 ']","[' C00008 ', ' C00044']"
R00430,2.7.1.40,1.4,-29.6,"['C00035 ', ' C00074 ']","[' C00044 ', ' C00022']"
R00332,2.7.4.8,1.2,-0.3,"['C00002 ', ' C00144 ']","[' C00008 ', ' C00035']"
R01230,6.3.5.2,70000.0,0.0,"['C00002 ', ' C00655 ', ' C00014 ']","[' C00020 ', ' C00013 ', ' C00144']"
R01231,6.3.5.2,70000.0,0.0,"['C00002 ', ' C00655 ', ' C00064 ', ' C00001 ']","[' C00020 ', ' C00013 ', ' C00144 ', ' C00025']"
R01163,1.1.1.23,1.9,-32.1,"['C01929 ', ' C00001 ', ' C00003 ']","[' C00135 ', ' C00004 ', ' C00080']"
R03013,3.1.3.15,2.2,-36.2,"['C01100 ', ' C00001 ']","[' C00860 ', ' C00009']"
R03457,4.2.1.19,1.9,-41.2,['C04666 '],"[' C01267 ', ' C00001']"
R04640,5.3.1.16,1.3,-9.8,['C04896 '],[' C04916']
R03012,1.1.1.23,1.0,20.1,"['C00860 ', ' C00003 ']","[' C01929 ', ' C00004 ', ' C00080']"
R03243,2.6.1.9,2.9,8.4,"['C01267 ', ' C00025 ']","[' C01100 ', ' C00026']"
R01071,2.4.2.17,100000.0,0.0,"['C00002 ', ' C00119 ']","[' C02739 ', ' C00013']"
R04035,3.6.1.31,100000.0,0.0,"['C02739 ', ' C00001 ']","[' C02741 ', ' C00013']"
R04037,3.5.4.19,100000.0,0.0,"['C02741 ', ' C00001 ']",[' C04896']
R04558,4.3.2.10,60000.0,0.0,"['C04916 ', ' C00064 ']","[' C04666 ', ' C04677 ', ' C00025']"
R01072,2.4.2.14,2.7,-78.4,"['C00064 ', ' C00119 ', ' C00001 ']","[' C03090 ', ' C00013 ', ' C00025']"
R04591,6.3.2.6,5.0,-73.0,"['C00002 ', ' C04751 ', ' C00049 ']","[' C00008 ', ' C00009 ', ' C04823']"
R07404,6.3.4.18,6.0,-59.0,"['C00002 ', ' C03373 ', ' C00288 ']","[' C00008 ', ' C00009 ', ' C15667']"
R04144,6.3.4.13,2.3,-26.5,"['C00002 ', ' C03090 ', ' C00037 ']","[' C00008 ', ' C00009 ', ' C03838']"
R01127,3.5.4.10,5.0,-20.0,['C04734 '],"[' C00130 ', ' C00001']"
R04209,4.1.1.21,4.0,12.0,"['C03373 ', ' C00011 ']",[' C04751']
R04325,2.1.2.2,6.0,1.0,"['C00234 ', ' C03838 ']","[' C00101 ', ' C04376']"
R04559,4.3.2.2,2.9,5.9,['C04823 '],"[' C00122 ', ' C04677']"
R06975,6.3.4.23,3.5,5.0,"['C00058 ', ' C00002 ', ' C04677 ']","[' C00008 ', ' C00009 ', ' C04734']"
R07405,5.4.99.18,6.0,31.0,['C15667 '],[' C04751']
R04560,2.1.2.3,2.9,7.6,"['C00234 ', ' C04677 ']","[' C00101 ', ' C04734']"
R04463,6.3.5.3,50000.0,0.0,"['C00002 ', ' C04376 ', ' C00064 ', ' C00001 ']","[' C00008 ', ' C00009 ', ' C04640 ', ' C00025']"
R04208,6.3.3.1,50000.0,0.0,"['C00002 ', ' C04640 ']","[' C00008 ', ' C00009 ', ' C03373']"
R07399,2.3.1.182,2.6,-44.1,"['C00024 ', ' C00022 ', ' C00001 ']","[' C02612 ', ' C00010']"
R00996,4.3.1.19,4.0,-42.0,['C00188 '],"[' C00109 ', ' C00014']"
R05070,4.2.1.9,1.4,-36.9,['C06007 '],"[' C00671 ', ' C00001']"
R00994,1.1.1.85,5.0,-20.0,"['C06032 ', ' C00003 ']","[' C00109 ', ' C00011 ', ' C00004 ', ' C00080']"
R05069,"1.1.1.86,5.4.99.3",0.0,0.00036734476930178,['C06006 '],[' C14463']
R08648,2.2.1.6,5.0,-20.0,"['C00022 ', ' C00109 ']","[' C06006 ', ' C00011']"
R02199,2.6.1.42,3.5,5.9,"['C00671 ', ' C00025 ']","[' C00407 ', ' C00026']"
R03898,4.2.1.35,2.8,8.8,"['C02226 ', ' C00001 ']",[' C06032']
R03896,4.2.1.35,2.4,9.4,['C02612 '],"[' C02226 ', ' C00001']"
R05068,1.1.1.86,1.0,-17.7,"['C14463 ', ' C00005 ', ' C00080 ']","[' C06007 ', ' C00006']"
R01213,2.3.3.13,1.3,-24.4,"['C00024 ', ' C00141 ', ' C00001 ']","[' C02504 ', ' C00010']"
R04426,1.1.1.85,1.0,17.9,"['C04411 ', ' C00003 ']","[' C04236 ', ' C00004 ', ' C00080']"
R01652,1.1.1.85,4.0,-33.0,['C04236 '],"[' C00233 ', ' C00011']"
R03968,4.2.1.33,1.9,0.4,['C02504 '],"[' C02631 ', ' C00001']"
R01090,"2.6.1.6,2.6.1.42,2.6.1.67",1.6,-0.4,"['C00233 ', ' C00025 ']","[' C00123 ', ' C00026']"
R04001,4.2.1.33,1.9,3.7,"['C02631 ', ' C00001 ']",[' C04411']
R01088,1.4.1.9,1.6,-18.6,"['C00233 ', ' C00014 ', ' C00004 ', ' C00080 ']","[' C00123 ', ' C00001 ', ' C00003']"
R10147,4.3.3.7,5.0,-82.0,"['C00441 ', ' C00022 ']","[' C20258 ', ' C00001']"
R00271,2.3.3.14,2.8,-28.7,"['C00024 ', ' C00001 ', ' C00026 ']","[' C01251 ', ' C00010']"
R02733,3.5.1.47,2.3,-24.6,"['C04390 ', ' C00001 ']","[' C00033 ', ' C00666']"
R02734,3.5.1.18,4.0,-9.0,"['C04421 ', ' C00001 ']","[' C00042 ', ' C00666']"
R04198,1.17.1.8,1.5,-49.8,"['C20258 ', ' C00004 ', ' C00080 ']","[' C03972 ', ' C00003 ', ' C00001']"
R01934,"1.1.1.87,1.1.1.286",4.0,-7.0,"['C05662 ', ' C00003 ']","[' C00322 ', ' C00011 ', ' C00004 ', ' C00080']"
R00715,1.5.1.7,2.9,18.3,"['C00449 ', ' C00003 ', ' C00001 ']","[' C00047 ', ' C00026 ', ' C00004 ', ' C00080']"
R04199,1.17.1.8,1.5,-49.6,"['C20258 ', ' C00005 ', ' C00080 ']","[' C03972 ', ' C00006 ', ' C00001']"
R00451,4.1.1.20,4.0,-35.0,['C00680 '],"[' C00047 ', ' C00011']"
R02735,5.1.1.7,2.9,-1.7,['C00666 '],[' C00680']
R04475,2.6.1.17,2.9,0.9,"['C04462 ', ' C00025 ']","[' C04421 ', ' C00026']"
R01939,2.6.1.39,2.9,0.7,"['C00322 ', ' C00025 ']","[' C00956 ', ' C00026']"
R03444,"4.2.1.114,4.2.1.-",1.9,0.4,['C01251 '],"[' C04002 ', ' C00001']"
R04371,"4.2.1.36,4.2.1.114",2.9,1.2,"['C04002 ', ' C00001 ']",[' C05662']
R04467,2.6.1.-,1.9,9.4,"['C05539 ', ' C00025 ']","[' C04390 ', ' C00026']"
R02315,1.5.1.10,3.2,-18.7,"['C00025 ', ' C04076 ', ' C00005 ', ' C00080 ']","[' C00449 ', ' C00006 ', ' C00001']"
R04364,"2.3.1.89,2.3.1.-",4.0,26.0,"['C03972 ', ' C00024 ', ' C00001 ']","[' C05539 ', ' C00010']"
R04365,2.3.1.117,5.0,26.0,"['C00091 ', ' C03972 ', ' C00001 ']","[' C00010 ', ' C04462']"
R02755,1.4.1.16,2.4,-11.0,"['C03871 ', ' C00014 ', ' C00005 ', ' C00080 ']","[' C00680 ', ' C00006 ', ' C00001']"
R04336,-,4.0,53.0,"['C03972 ', ' C00001 ']",[' C03871']
R07613,2.6.1.83,5.0,61.0,"['C03972 ', ' C00025 ', ' C00001 ']","[' C00666 ', ' C00026']"
R04863,1.2.1.95,,,"['C05560 ', ' C11482 ']","[' C05535 ', ' C00020']"
R04390,1.2.1.95,,,"['C05535 ', ' C00005 ', ' C00080 ']","[' C04076 ', ' C11482 ', ' C00006']"
R09775,6.3.2.43,,,"['C00956 ', ' C19885 ', ' C00002 ']","[' C19886 ', ' C00008 ', ' C00009']"
R09776,2.7.2.-,,,"['C19886 ', ' C00002 ']","[' C19887 ', ' C00008']"
R09777,1.2.1.-,,,"['C19887 ', ' C00005 ', ' C00080 ']","[' C19888 ', ' C00006 ', ' C00009']"
R09778,2.6.1.-,,,"['C19888 ', ' C00025 ']","[' C19889 ', ' C00026']"
R09779,-,,,"['C19889 ', ' C00001 ']","[' C00047 ', ' C19885']"
R03098,1.2.1.95,100000.0,0.0,"['C00956 ', ' C00002 ']","[' C05560 ', ' C00013']"
R00480,2.7.2.4,2.9,22.1,"['C00002 ', ' C00049 ']","[' C00008 ', ' C03082']"
R02291,1.2.1.11,1.7,4.0,"['C03082 ', ' C00005 ', ' C00080 ']","[' C00441 ', ' C00009 ', ' C00006']"
R03260,2.5.1.48,6.0,-62.0,"['C01118 ', ' C00097 ']","[' C02291 ', ' C00042']"
R01286,4.4.1.13,2.7,-34.3,"['C02291 ', ' C00001 ']","[' C00155 ', ' C00014 ', ' C00022']"
R01777,2.3.1.46,5.0,-30.0,"['C00091 ', ' C00263 ']","[' C00010 ', ' C01118']"
R00946,2.1.1.13,5.0,-3.0,"['C00440 ', ' C00155 ']","[' C00101 ', ' C00073']"
R01773,1.1.1.3,1.7,-21.7,"['C00441 ', ' C00004 ', ' C00080 ']","[' C00263 ', ' C00003']"
R01775,1.1.1.3,1.7,-21.6,"['C00441 ', ' C00005 ', ' C00080 ']","[' C00263 ', ' C00006']"
R09394,4.1.99.22,,,"['C00044 ', ' C00019 ', ' C00030 ']","[' C21310 ', ' C05198 ', ' C00073 ', ' C00028']"
R11372,4.6.1.17,,,"['C21310 ', ' C00001 ']","[' C18239 ', ' C00013']"
R09395,2.8.1.12,,,"['C18239 ', ' 2 C15814 ']","[' C05924 ', ' 2 C15810']"
R09735,2.10.1.1,,,"['C19848 ', ' C06232 ']","[' C18237 ', ' C00020 ', ' C00001']"
R09726,2.7.7.75,100000.0,0.0,"['C00002 ', ' C05924 ']","[' C00013 ', ' C19848']"
R04292,2.5.1.72,4.0,-218.0,"['C05840 ', ' C00111 ']","[' C03722 ', ' 2 C00001 ', ' C00009']"
R00257,6.3.5.1,2.9,-51.1,"['C00002 ', ' C00857 ', ' C00064 ', ' C00001 ']","[' C00020 ', ' C00013 ', ' C00003 ', ' C00025']"
R00189,"6.3.1.5,6.3.5.1",2.8,-19.4,"['C00002 ', ' C00857 ', ' C00014 ']","[' C00020 ', ' C00013 ', ' C00003']"
R00104,2.7.1.23,2.9,-10.9,"['C00002 ', ' C00003 ']","[' C00008 ', ' C00006']"
R03005,"2.7.7.1,2.7.7.18",5.0,-25.0,"['C00002 ', ' C01185 ']","[' C00013 ', ' C00857']"
R03348,2.4.2.19,4.0,-45.0,"['C03722 ', ' C00119 ']","[' C01185 ', ' C00013 ', ' C00011']"
R07407,1.4.1.21,2.5,60.3,"['C00049 ', ' C00006 ']","[' C05840 ', ' C00005 ', ' C00080']"
R07410,1.4.1.21,2.5,60.4,"['C00049 ', ' C00003 ']","[' C05840 ', ' C00004 ', ' C00080']"
R02035,3.1.1.31,1.7,-23.3,"['C01236 ', ' C00001 ']",[' C00345']
R02736,"1.1.1.49,1.1.1.363",2.4,-11.6,"['C01172 ', ' C00006 ']","[' C01236 ', ' C00005 ', ' C00080']"
R10907,"1.1.1.363,1.1.1.388",2.4,-11.4,"['C01172 ', ' C00003 ']","[' C01236 ', ' C00004 ', ' C00080']"
R01049,2.7.6.1,1.5,-1.3,"['C00002 ', ' C00117 ']","[' C00020 ', ' C00119']"
R01830,2.2.1.1,2.4,-5.9,"['C00279 ', ' C00231 ']","[' C05345 ', ' C00118']"
R01528,"1.1.1.44,1.1.1.351",3.2,-7.1,"['C00345 ', ' C00006 ']","[' C00199 ', ' C00011 ', ' C00005 ', ' C00080']"
R10221,"1.1.1.343,1.1.1.351",3.2,-6.9,"['C00345 ', ' C00003 ']","[' C00199 ', ' C00011 ', ' C00004 ', ' C00080']"
R01056,5.3.1.6,0.8,-2.1,['C00199 '],[' C00117']
R01827,2.2.1.2,2.0,3.5,"['C05382 ', ' C00118 ']","[' C00279 ', ' C05345']"
R01529,5.1.3.1,1.2,-3.4,['C00199 '],[' C00231']
R02739,"5.1.3.15,5.3.1.9",2.9,-1.3,['C00668 '],[' C01172']
R01641,2.2.1.1,1.9,-3.9,"['C00117 ', ' C00231 ']","[' C05382 ', ' C00118']"
R02740,5.3.1.9,1.6,1.1,['C05345 '],[' C00668']
R05338,4.1.2.43,1.7,9.4,['C06019 '],"[' C00199 ', ' C00067']"
R09780,5.3.1.27,2.2,10.4,['C05345 '],[' C06019']
R00691,"4.2.1.51,4.2.1.91",11.0,-94.0,['C00826 '],"[' C00079 ', ' C00001 ', ' C00011']"
R01373,"4.2.1.51,4.2.1.91",11.0,-84.0,['C00254 '],"[' C00166 ', ' C00001 ', ' C00011']"
R00694,"2.6.1.1,2.6.1.5,2.6.1.9,2.6.1.57",2.1,0.0,"['C00166 ', ' C00025 ']","[' C00079 ', ' C00026']"
R07276,2.6.1.79,1.9,9.6,"['C00254 ', ' C00025 ']","[' C00826 ', ' C00026']"
R10089,4.3.3.6,5.0,-305.0,"['C00117 ', ' C00118 ', ' C00064 ']","[' C00018 ', ' C00025 ', ' 3 C00001 ', ' C00009']"
R03314,-,5.0,-5.0,['C01165 '],"[' C03912 ', ' C00001']"
R00667,2.6.1.13,5.0,-4.0,"['C00077 ', ' C00026 ']","[' C01165 ', ' C00025']"
R01248,1.5.1.2,3.0,-48.8,"['C03912 ', ' C00004 ', ' C00080 ']","[' C00148 ', ' C00003']"
R03313,1.2.1.41,1.6,-27.2,"['C03287 ', ' C00005 ', ' C00080 ']","[' C01165 ', ' C00009 ', ' C00006']"
R01251,1.5.1.2,2.9,-48.6,"['C03912 ', ' C00005 ', ' C00080 ']","[' C00148 ', ' C00006']"
R00239,2.7.2.11,2.3,28.5,"['C00002 ', ' C00025 ']","[' C00008 ', ' C03287']"
R00582,3.1.3.3,0.28,-27.9,"['C01005 ', ' C00001 ']","[' C00065 ', ' C00009']"
R04173,2.6.1.52,0.4,-10.9,"['C03232 ', ' C00025 ']","[' C01005 ', ' C00026']"
R01513,1.1.1.95,0.6,33.1,"['C00197 ', ' C00003 ']","[' C03232 ', ' C00004 ', ' C00080']"
R03083,4.2.3.4,6.0,-168.0,['C04691 '],"[' C00944 ', ' C00009']"
R01826,2.5.1.54,2.4,-74.5,"['C00074 ', ' C00279 ', ' C00001 ']","[' C04691 ', ' C00009']"
R01714,4.2.3.5,4.0,-63.0,['C01269 '],"[' C00251 ', ' C00009']"
R02412,2.7.1.71,2.8,-24.5,"['C00002 ', ' C00493 ']","[' C00008 ', ' C03175']"
R03460,2.5.1.19,2.3,-16.7,"['C00074 ', ' C03175 ']","[' C00009 ', ' C01269']"
R03084,4.2.1.10,2.1,-5.3,['C00944 '],"[' C02637 ', ' C00001']"
R02413,"1.1.1.25,1.1.1.282",1.3,-8.6,"['C02637 ', ' C00005 ', ' C00080 ']","[' C00493 ', ' C00006']"
R04620,3.1.3.1,7.0,-130.0,"['C04895 ', ' 3 C00001 ']","[' C04874 ', ' 3 C00009']"
R05553,4.1.3.38,8.0,-106.0,['C11355 '],"[' C00568 ', ' C00022']"
R04638,3.6.1.67,6.0,-69.0,"['C04895 ', ' C00001 ']","[' C05925 ', ' C00013']"
R04639,3.5.4.16,9.0,-38.0,['C06148 '],"[' C04895 ', ' C00001']"
R05046,3.5.4.16,7.0,-56.0,"['C05922 ', ' C00001 ']","[' C05923 ', ' C00058']"
R03503,2.7.6.3,6.0,-4.0,"['C00002 ', ' C01300 ']","[' C00020 ', ' C04807']"
R03067,2.5.1.15,7.0,-62.0,"['C04807 ', ' C00568 ']","[' C00013 ', ' C00921']"
R01716,2.6.1.85,3.1,-17.9,"['C00251 ', ' C00064 ']","[' C11355 ', ' C00025']"
R11072,4.2.1.160,8.0,-50.0,['C01304 '],"[' C05925 ', ' C00001']"
R02237,"6.3.2.12,6.3.2.17",3.4,-18.8,"['C00002 ', ' C00921 ', ' C00025 ']","[' C00008 ', ' C00009 ', ' C00415']"
R04621,3.6.1.-,2.7,-26.3,"['C05925 ', ' C00001 ']","[' C04874 ', ' C00009']"
R03504,4.1.2.25,2.9,-10.2,['C04874 '],"[' C00266 ', ' C01300']"
R03066,2.5.1.15,3.0,-9.3,"['C01300 ', ' C00568 ']","[' C00921 ', ' C00001']"
R00936,1.5.1.3,1.2,-24.5,"['C00415 ', ' C00004 ', ' C00080 ']","[' C00101 ', ' C00003']"
R05048,3.5.4.16,1.3,-9.8,['C05923 '],[' C06148']
R00939,1.5.1.3,1.1,-24.3,"['C00415 ', ' C00005 ', ' C00080 ']","[' C00101 ', ' C00006']"
R00428,3.5.4.16,2.9,9.4,"['C00044 ', ' C00001 ']",[' C05922']
R11719,4.1.2.60,,,['C04895 '],"[' C01300 ', ' C21615']"
R00425,3.5.4.25,6.0,-112.0,"['C00044 ', ' 3 C00001 ']","[' C00058 ', ' C01304 ', ' C00013']"
R00617,2.7.4.16,4.0,-48.0,"['C00002 ', ' C01081 ']","[' C00008 ', ' C00068']"
R04509,2.7.4.7,4.0,7.0,"['C00002 ', ' C04556 ']","[' C00008 ', ' C04752']"
R05636,2.2.1.7,3.4,-31.3,"['C00022 ', ' C00118 ']","[' C11437 ', ' C00011']"
R10712,2.5.1.3,4.0,-56.0,"['C04752 ', ' C20247 ']","[' C01081 ', ' C00013 ', ' C00011']"
R07459,"2.7.7.73,2.7.7.80",,,"['C15810 ', ' C00002 ']","[' C15813 ', ' C00013']"
R07460,2.8.1.7,,,"['C15811 ', ' C00097 ']","[' C15812 ', ' C00041']"
R07461,"2.8.1.4,2.8.1.11",,,"['C15812 ', ' C15813 ', ' C00030 ']","[' C00020 ', ' C15814 ', ' C15811 ', ' C00028']"
R10246,4.1.99.19,,,"['C00082 ', ' C00019 ', ' C00030 ']","[' C15809 ', ' C01468 ', ' C05198 ', ' C00073 ', ' C00028']"
R10247,2.8.1.10,,,"['C11437 ', ' C15809 ', ' C15814 ']","[' C20246 ', ' C15810 ', ' 2 C00001']"
R09977,5.3.99.10,140000.0,0.0,['C20246 '],[' C20247']
R03472,4.1.99.17,100000.0,0.0,"['C03373 ', ' C00019 ']","[' C04556 ', ' C05198 ', ' C00073 ', ' C00058 ', ' C00237']"
R12026,2.4.2.59,100000.0,0.0,"['C00003 ', ' C00037 ', ' C00283 ']","[' C00153 ', ' C20784 ', ' 3 C00001']"
R01302,4.1.3.40,7.0,-130.0,['C00251 '],"[' C00156 ', ' C00022']"
R11102,2.4.2.54,4.0,-110.0,"['C00119 ', ' C00156 ']","[' C21107 ', ' C00011 ', ' C00013']"
R10339,2.5.1.105,7.0,-62.0,"['C04807 ', ' C20559 ']","[' C20562 ', ' C00013']"
R03388,1.5.1.47,3.2,-19.1,"['C05927 ', ' C00080 ', ' C00005 ']","[' C01217 ', ' C00006']"
RMAN1,-,,,['C21107 '],[' C20559']
RMAN2,-,,,['C20562 '],[' C05927']
R10802,1.5.99.15,,,"['C05927 ', ' C00030 ']","[' C01217 ', ' C00028']"
R01771,2.7.1.39,4.0,-38.0,"['C00002 ', ' C00263 ']","[' C00008 ', ' C01102']"
R01466,4.2.3.1,2.8,-46.8,"['C01102 ', ' C00001 ']","[' C00188 ', ' C00009']"
R00986,4.1.3.27,8.0,-124.0,"['C00251 ', ' C00064 ']","[' C00108 ', ' C00022 ', ' C00025']"
R00985,4.1.3.27,8.0,-93.0,"['C00251 ', ' C00014 ']","[' C00108 ', ' C00022 ', ' C00001']"
R01073,2.4.2.18,4.0,-61.0,"['C00108 ', ' C00119 ']","[' C04302 ', ' C00013']"
R03508,4.1.1.48,6.0,-92.0,['C01302 '],"[' C03506 ', ' C00011 ', ' C00001']"
R02722,4.2.1.20,3.1,-31.5,"['C00065 ', ' C03506 ']","[' C00078 ', ' C00118 ', ' C00001']"
R03509,5.3.1.24,1.3,-9.8,['C04302 '],[' C01302']
R00733,"1.3.1.78,1.3.1.79",11.0,-38.0,"['C00826 ', ' C00006 ']","[' C00082 ', ' C00011 ', ' C00005 ', ' C00080']"
R00732,"1.3.1.43,1.3.1.79",11.0,-38.0,"['C00826 ', ' C00003 ']","[' C00082 ', ' C00011 ', ' C00004 ', ' C00080']"
R01730,1.3.1.13,11.0,-28.0,"['C00254 ', ' C00006 ']","[' C01179 ', ' C00011 ', ' C00005 ', ' C00080']"
R01728,1.3.1.12,11.0,-28.0,"['C00254 ', ' C00003 ']","[' C01179 ', ' C00011 ', ' C00004 ', ' C00080']"
R00734,"2.6.1.1,2.6.1.5,2.6.1.9,2.6.1.57",2.1,-0.5,"['C01179 ', ' C00025 ']","[' C00082 ', ' C00026']"
R01715,5.4.99.5,5.0,-49.0,['C00251 '],[' C00254']
R01731,"2.6.1.57,2.6.1.78",2.0,12.4,"['C00049 ', ' C00254 ']","[' C00036 ', ' C00826']"
R00575,6.3.5.5,2.6,-27.3,"['2 C00002 ', ' C00064 ', ' C00288 ', ' C00001 ']","[' 2 C00008 ', ' C00009 ', ' C00025 ', ' C00169']"
R01867,1.3.98.1,2.4,-51.5,"['C00337 ', ' C00122 ']","[' C00295 ', ' C00042']"
R01870,2.4.2.10,1.3,7.7,"['C00295 ', ' C00119 ']","[' C01103 ', ' C00013']"
R01869,1.3.1.14,1.2,8.9,"['C00337 ', ' C00003 ']","[' C00295 ', ' C00080 ', ' C00004']"
R00965,4.1.1.23,9.0,-42.0,['C01103 '],"[' C00105 ', ' C00011']"
R01397,2.1.3.2,2.9,-22.2,"['C00169 ', ' C00049 ']","[' C00009 ', ' C00438']"
R01993,3.5.2.3,1.7,5.2,['C00438 '],"[' C00337 ', ' C00001']"
R00156,2.7.4.6,1.3,-0.3,"['C00002 ', ' C00015 ']","[' C00008 ', ' C00075']"
R00158,"2.7.4.4,2.7.4.14,2.7.4.22",3.2,-1.1,"['C00002 ', ' C00105 ']","[' C00008 ', ' C00015']"
R04441,4.2.1.9,1.4,-36.9,['C04272 '],"[' C00141 ', ' C00001']"
R00226,2.2.1.6,4.0,-29.0,['2 C00022 '],"[' C06010 ', ' C00011']"
R01214_1,-,3.5,-1.8,"['C00141 ', ' C00025 ']","[' C00183 ', ' C00026']"
R05071,"1.1.1.86,5.4.99.3",0.0,0.000257096246514265,['C06010 '],[' C04181']
R04440,1.1.1.86,1.0,-17.7,"['C04181 ', ' C00005 ', ' C00080 ']","[' C04272 ', ' C00006']"
R10935,-,100000.0,0.0,['2 C00118 '],"[' C20954 ', ' C00009 ', ' 2 C00001']"
R11038,-,2.0,-0.4,"['C20954 ', ' C00041 ']","[' C21068 ', ' C00022']"
R11039,-,1.3,4.6,"['C21068 ', ' C00002 ']","[' C21069 ', ' C00008']"
R00736,-,5.0,-87.0,['C00082 '],"[' C00483 ', ' C00011']"
R10902,-,2.4,-23.1,"['C00002 ', ' C00483 ', ' C00025 ']","[' C00008 ', ' C00009 ', ' C20926']"
R11040,-,5.0,-70.0,"['C21069 ', ' C20926 ']","[' C21070 ', ' C00013']"
RMAN3,-,,,['C21070 '],[' C00862']
RMAN4,-,4.0,-5.0,"['C00011 ', ' C00282 ']","[' C00058 ', ' C00080']"
R01195,1.18.1.2,6.0,-16.0,"['2 C00138 ', ' C00006 ', ' C00080 ']","[' 2 C00139 ', ' C00005']"
R00315 ,"2.7.2.1,2.7.2.15",0.5,-13.6,"['C00008 ', ' C00227 ']","[' C00002 ', ' C00033']"
R00230,2.3.1.8,0.6,8.7,"['C00024 ', ' C00009 ']","[' C00010 ', ' C00227']"
R00019,"1.12.7.2,1.12.99.-",7.0,-4.0,"['C00282 ', ' 2 C00139 ']","[' 2 C00138 ', ' 2 C00080']"
